filename,ODG_DeepMS(Att+Res),ODG_DeepMS(RES),ODG_MS+RAW
Blues_Country_22\Blues_Country_22_1_reference.wav,-0.23379723727703094,-0.3458350598812103,-0.6131254434585571
Blues_Country_22\Blues_Country_22_2_anchor_10000.wav,-1.3075648546218872,-1.129315733909607,-1.7834696769714355
Blues_Country_22\Blues_Country_22_3_lpf_8000.wav,-1.7964599132537842,-1.7310340404510498,-2.2949485778808594
Blues_Country_22\Blues_Country_22_4_anchor_7000.wav,-2.0571298599243164,-2.3226475715637207,-2.6587491035461426
Blues_Country_22\Blues_Country_22_5_lpf_6200.wav,-2.5368733406066895,-2.632610321044922,-2.9350390434265137
Blues_Country_22\Blues_Country_22_6_lpf_5300.wav,-2.4396114349365234,-2.2171778678894043,-2.7334182262420654
Blues_Country_22\Blues_Country_22_7_lpf_4400.wav,-2.6283531188964844,-2.915346622467041,-2.639491558074951
Blues_Country_22\Blues_Country_22_8_anchor_3500.wav,-3.3081116676330566,-3.590085983276367,-3.217005491256714
